"Name","train/acc","test/acc","val/acc_best","val/acc","Created","model.backbone.snr_db","seed","Runtime","Notes","State","Tags","batch_size","callbacks/early_stopping/_target_","callbacks/early_stopping/mode","callbacks/early_stopping/monitor","callbacks/model_summary/_target_","callbacks/model_summary/max_depth","callbacks/rich_progress_bar/_target_","datamodule/_target_","datamodule/batch_size","datamodule/num_workers","datamodule/pin_memory","dataset/_target_","dataset/delta","dataset/k_diffusion","dataset/n_community","dataset/n_nodes","dataset/num_samples","dataset/p_inter","dataset/p_intra","logger/_target_","logger/group","logger/job_type","logger/log_model","logger/notes","logger/offline","logger/project","logger/save_dir","logger/tags","model/_target_","model/backbone/_target_","model/backbone/hidden_dim","model/backbone/hidden_ffnn","model/backbone/k","model/backbone/n_classes","model/backbone/p","model/backbone/snr_db","model/batch_size","model/n_classes","model/num_workers","model/optimizer/_partial_","model/optimizer/_target_","model/optimizer/lr","model/optimizer/weight_decay","model/pin_memory","model/scheduler/_partial_","model/scheduler/_target_","model/scheduler/factor","model/scheduler/mode","model/scheduler/patience","n_classes","num_workers","paths/data_dir","paths/log_dir","paths/root_dir","paths/work_dir","pin_memory","task_name","trainer/_target_","trainer/accelerator","trainer/deterministic","trainer/devices","trainer/log_every_n_steps","trainer/max_epochs","trainer/min_epochs","trainer/precision","_target_","delta","k_diffusion","mat_flag","n_community","n_nodes","n_sources","num_samples","p_inter","p_intra","snr_db","spike","epoch","test/loss","train/loss","trainer/global_step","val/loss","dataset/mat_flag","dataset/n_sources","dataset/snr_db","dataset/spike","dataset.snr_db","dataset.n_sources","dataset.spike","dataset.mat_flag","model.backbone.hidden_ffnn","model.backbone.p","model.backbone.k","model.backbone.hidden_dim"
"graceful-sweep-19","0.7652000188827515","0.7527999877929688","0.7856000065803528","0.7856000065803528","2023-05-19T11:23:29.000Z","40","4","329","testing","finished","05/19, snr_seed, snr_sweep","256","pytorch_lightning.callbacks.EarlyStopping","max","val/acc","pytorch_lightning.callbacks.RichModelSummary","-1","pytorch_lightning.callbacks.RichProgressBar","data.cell_datamodule.CellDataModule","256","4","true","data.cell_sbm_dataset.CellDataset","2.5","50","10","70","15000","0.01","0.9","pytorch_lightning.loggers.wandb.WandbLogger","design_dataset","","false","testing","false","airtnn","logs","[""05/19"",""snr_sweep"",""snr_seed""]","models.lit_module.LitModule","models.components.airtnn_backbone.Backbone","128","2048","5","11","0","40","256","11","4","true","torch.optim.Adam","0.001","0","true","true","torch.optim.lr_scheduler.ReduceLROnPlateau","0.1","min","20","11","4","./topological_air_nn/data/","./topological_air_nn/logs/","./topological_air_nn","/home/simone/projects/topological_air_nn","true","train","pytorch_lightning.Trainer","gpu","false","[0]","40","100","10","32","","","","","","","","","","","","","100","0.7107890844345093","0.6766062378883362","4000","0.6453437805175781","abs_lower","0.85","40","0.5","","","","","","","",""
"fresh-sweep-17","0.734000027179718","0.7307999730110168","0.7788000106811523","0.7260000109672546","2023-05-19T11:12:16.000Z","40","1","333","testing","finished","05/19, snr_seed, snr_sweep","256","pytorch_lightning.callbacks.EarlyStopping","max","val/acc","pytorch_lightning.callbacks.RichModelSummary","-1","pytorch_lightning.callbacks.RichProgressBar","data.cell_datamodule.CellDataModule","256","4","true","data.cell_sbm_dataset.CellDataset","2.5","50","10","70","15000","0.01","0.9","pytorch_lightning.loggers.wandb.WandbLogger","design_dataset","","false","testing","false","airtnn","logs","[""05/19"",""snr_sweep"",""snr_seed""]","models.lit_module.LitModule","models.components.airtnn_backbone.Backbone","128","2048","5","11","0","40","256","11","4","true","torch.optim.Adam","0.001","0","true","true","torch.optim.lr_scheduler.ReduceLROnPlateau","0.1","min","20","11","4","./topological_air_nn/data/","./topological_air_nn/logs/","./topological_air_nn","/home/simone/projects/topological_air_nn","true","train","pytorch_lightning.Trainer","gpu","false","[0]","40","100","10","32","","","","","","","","","","","","","100","0.8000978231430054","0.757040798664093","4000","0.7785984873771667","abs_lower","0.85","40","0.5","","","","","","","",""
"sparkling-sweep-22","0.7365999817848206","0.7319999933242798","0.777999997138977","0.7347999811172485","2023-05-19T11:40:13.000Z","60","1","335","testing","finished","05/19, snr_seed, snr_sweep","256","pytorch_lightning.callbacks.EarlyStopping","max","val/acc","pytorch_lightning.callbacks.RichModelSummary","-1","pytorch_lightning.callbacks.RichProgressBar","data.cell_datamodule.CellDataModule","256","4","true","data.cell_sbm_dataset.CellDataset","2.5","50","10","70","15000","0.01","0.9","pytorch_lightning.loggers.wandb.WandbLogger","design_dataset","","false","testing","false","airtnn","logs","[""05/19"",""snr_sweep"",""snr_seed""]","models.lit_module.LitModule","models.components.airtnn_backbone.Backbone","128","2048","5","11","0","60","256","11","4","true","torch.optim.Adam","0.001","0","true","true","torch.optim.lr_scheduler.ReduceLROnPlateau","0.1","min","20","11","4","./topological_air_nn/data/","./topological_air_nn/logs/","./topological_air_nn","/home/simone/projects/topological_air_nn","true","train","pytorch_lightning.Trainer","gpu","false","[0]","40","100","10","32","","","","","","","","","","","","","100","0.793301522731781","0.7467730641365051","4000","0.7666203379631042","abs_lower","0.85","40","0.5","","","","","","","",""
"efficient-sweep-2","0.7340999841690063","0.7275999784469604","0.7735999822616577","0.729200005531311","2023-05-19T12:28:28.000Z","100","1","329","testing","finished","05/19, snr_seed, snr_sweep","256","pytorch_lightning.callbacks.EarlyStopping","max","val/acc","pytorch_lightning.callbacks.RichModelSummary","-1","pytorch_lightning.callbacks.RichProgressBar","data.cell_datamodule.CellDataModule","256","4","true","data.cell_sbm_dataset.CellDataset","2.5","50","10","70","15000","0.01","0.9","pytorch_lightning.loggers.wandb.WandbLogger","design_dataset","","false","testing","false","airtnn","logs","[""05/19"",""snr_sweep"",""snr_seed""]","models.lit_module.LitModule","models.components.airtnn_backbone.Backbone","128","2048","5","11","0","100","256","11","4","true","torch.optim.Adam","0.001","0","true","true","torch.optim.lr_scheduler.ReduceLROnPlateau","0.1","min","20","11","4","./topological_air_nn/data/","./topological_air_nn/logs/","./topological_air_nn","/home/simone/projects/topological_air_nn","true","train","pytorch_lightning.Trainer","gpu","false","[0]","40","100","10","32","","","","","","","","","","","","","100","0.7996408939361572","0.7532564997673035","4000","0.7723174691200256","abs_lower","0.85","40","0.5","","","","","","","",""
"ancient-sweep-25","0.7240999937057495","0.6976000070571899","0.7731999754905701","0.7160000205039978","2023-05-19T11:57:07.000Z","60","5","329","testing","finished","05/19, snr_seed, snr_sweep","256","pytorch_lightning.callbacks.EarlyStopping","max","val/acc","pytorch_lightning.callbacks.RichModelSummary","-1","pytorch_lightning.callbacks.RichProgressBar","data.cell_datamodule.CellDataModule","256","4","true","data.cell_sbm_dataset.CellDataset","2.5","50","10","70","15000","0.01","0.9","pytorch_lightning.loggers.wandb.WandbLogger","design_dataset","","false","testing","false","airtnn","logs","[""05/19"",""snr_sweep"",""snr_seed""]","models.lit_module.LitModule","models.components.airtnn_backbone.Backbone","128","2048","5","11","0","60","256","11","4","true","torch.optim.Adam","0.001","0","true","true","torch.optim.lr_scheduler.ReduceLROnPlateau","0.1","min","20","11","4","./topological_air_nn/data/","./topological_air_nn/logs/","./topological_air_nn","/home/simone/projects/topological_air_nn","true","train","pytorch_lightning.Trainer","gpu","false","[0]","40","100","10","32","","","","","","","","","","","","","100","0.8290541768074036","0.7795990705490112","4000","0.8395789265632629","abs_lower","0.85","40","0.5","","","","","","","",""
"clean-sweep-5","0.7221999764442444","0.6972000002861023","0.7728000283241272","0.7071999907493591","2023-05-19T12:45:08.000Z","100","5","331","testing","finished","05/19, snr_seed, snr_sweep","256","pytorch_lightning.callbacks.EarlyStopping","max","val/acc","pytorch_lightning.callbacks.RichModelSummary","-1","pytorch_lightning.callbacks.RichProgressBar","data.cell_datamodule.CellDataModule","256","4","true","data.cell_sbm_dataset.CellDataset","2.5","50","10","70","15000","0.01","0.9","pytorch_lightning.loggers.wandb.WandbLogger","design_dataset","","false","testing","false","airtnn","logs","[""05/19"",""snr_sweep"",""snr_seed""]","models.lit_module.LitModule","models.components.airtnn_backbone.Backbone","128","2048","5","11","0","100","256","11","4","true","torch.optim.Adam","0.001","0","true","true","torch.optim.lr_scheduler.ReduceLROnPlateau","0.1","min","20","11","4","./topological_air_nn/data/","./topological_air_nn/logs/","./topological_air_nn","/home/simone/projects/topological_air_nn","true","train","pytorch_lightning.Trainer","gpu","false","[0]","40","100","10","32","","","","","","","","","","","","","100","0.8311189413070679","0.7804213762283325","4000","0.8476411700248718","abs_lower","0.85","40","0.5","","","","","","","",""
"bumbling-sweep-23","0.7229999899864197","0.6880000233650208","0.7712000012397766","0.7296000123023987","2023-05-19T11:45:52.000Z","60","2","334","testing","finished","05/19, snr_seed, snr_sweep","256","pytorch_lightning.callbacks.EarlyStopping","max","val/acc","pytorch_lightning.callbacks.RichModelSummary","-1","pytorch_lightning.callbacks.RichProgressBar","data.cell_datamodule.CellDataModule","256","4","true","data.cell_sbm_dataset.CellDataset","2.5","50","10","70","15000","0.01","0.9","pytorch_lightning.loggers.wandb.WandbLogger","design_dataset","","false","testing","false","airtnn","logs","[""05/19"",""snr_sweep"",""snr_seed""]","models.lit_module.LitModule","models.components.airtnn_backbone.Backbone","128","2048","5","11","0","60","256","11","4","true","torch.optim.Adam","0.001","0","true","true","torch.optim.lr_scheduler.ReduceLROnPlateau","0.1","min","20","11","4","./topological_air_nn/data/","./topological_air_nn/logs/","./topological_air_nn","/home/simone/projects/topological_air_nn","true","train","pytorch_lightning.Trainer","gpu","false","[0]","40","100","10","32","","","","","","","","","","","","","100","0.8710506558418274","0.7749736309051514","4000","0.7636419534683228","abs_lower","0.85","40","0.5","","","","","","","",""
"atomic-sweep-20","0.7210999727249146","0.6883999705314636","0.7712000012397766","0.7020000219345093","2023-05-19T11:29:05.000Z","40","5","331","testing","finished","05/19, snr_seed, snr_sweep","256","pytorch_lightning.callbacks.EarlyStopping","max","val/acc","pytorch_lightning.callbacks.RichModelSummary","-1","pytorch_lightning.callbacks.RichProgressBar","data.cell_datamodule.CellDataModule","256","4","true","data.cell_sbm_dataset.CellDataset","2.5","50","10","70","15000","0.01","0.9","pytorch_lightning.loggers.wandb.WandbLogger","design_dataset","","false","testing","false","airtnn","logs","[""05/19"",""snr_sweep"",""snr_seed""]","models.lit_module.LitModule","models.components.airtnn_backbone.Backbone","128","2048","5","11","0","40","256","11","4","true","torch.optim.Adam","0.001","0","true","true","torch.optim.lr_scheduler.ReduceLROnPlateau","0.1","min","20","11","4","./topological_air_nn/data/","./topological_air_nn/logs/","./topological_air_nn","/home/simone/projects/topological_air_nn","true","train","pytorch_lightning.Trainer","gpu","false","[0]","40","100","10","32","","","","","","","","","","","","","100","0.8451870083808899","0.7819461226463318","4000","0.8602900505065918","abs_lower","0.85","40","0.5","","","","","","","",""
"pious-sweep-3","0.7229999899864197","0.6904000043869019","0.7703999876976013","0.7264000177383423","2023-05-19T12:34:02.000Z","100","2","325","testing","finished","05/19, snr_seed, snr_sweep","256","pytorch_lightning.callbacks.EarlyStopping","max","val/acc","pytorch_lightning.callbacks.RichModelSummary","-1","pytorch_lightning.callbacks.RichProgressBar","data.cell_datamodule.CellDataModule","256","4","true","data.cell_sbm_dataset.CellDataset","2.5","50","10","70","15000","0.01","0.9","pytorch_lightning.loggers.wandb.WandbLogger","design_dataset","","false","testing","false","airtnn","logs","[""05/19"",""snr_sweep"",""snr_seed""]","models.lit_module.LitModule","models.components.airtnn_backbone.Backbone","128","2048","5","11","0","100","256","11","4","true","torch.optim.Adam","0.001","0","true","true","torch.optim.lr_scheduler.ReduceLROnPlateau","0.1","min","20","11","4","./topological_air_nn/data/","./topological_air_nn/logs/","./topological_air_nn","/home/simone/projects/topological_air_nn","true","train","pytorch_lightning.Trainer","gpu","false","[0]","40","100","10","32","","","","","","","","","","","","","100","0.8765374422073364","0.776662290096283","4000","0.7708694338798523","abs_lower","0.85","40","0.5","","","","","","","",""
"clear-sweep-18","0.7214000225067139","0.6815999746322632","0.7644000053405762","0.729200005531311","2023-05-19T11:17:55.000Z","40","2","331","testing","finished","05/19, snr_seed, snr_sweep","256","pytorch_lightning.callbacks.EarlyStopping","max","val/acc","pytorch_lightning.callbacks.RichModelSummary","-1","pytorch_lightning.callbacks.RichProgressBar","data.cell_datamodule.CellDataModule","256","4","true","data.cell_sbm_dataset.CellDataset","2.5","50","10","70","15000","0.01","0.9","pytorch_lightning.loggers.wandb.WandbLogger","design_dataset","","false","testing","false","airtnn","logs","[""05/19"",""snr_sweep"",""snr_seed""]","models.lit_module.LitModule","models.components.airtnn_backbone.Backbone","128","2048","5","11","0","40","256","11","4","true","torch.optim.Adam","0.001","0","true","true","torch.optim.lr_scheduler.ReduceLROnPlateau","0.1","min","20","11","4","./topological_air_nn/data/","./topological_air_nn/logs/","./topological_air_nn","/home/simone/projects/topological_air_nn","true","train","pytorch_lightning.Trainer","gpu","false","[0]","40","100","10","32","","","","","","","","","","","","","100","0.8799785375595093","0.7788393497467041","4000","0.7743231654167175","abs_lower","0.85","40","0.5","","","","","","","",""
"ruby-sweep-24","0.7486000061035156","0.7355999946594238","0.7644000053405762","0.7544000148773193","2023-05-19T11:51:29.000Z","60","4","331","testing","finished","05/19, snr_seed, snr_sweep","256","pytorch_lightning.callbacks.EarlyStopping","max","val/acc","pytorch_lightning.callbacks.RichModelSummary","-1","pytorch_lightning.callbacks.RichProgressBar","data.cell_datamodule.CellDataModule","256","4","true","data.cell_sbm_dataset.CellDataset","2.5","50","10","70","15000","0.01","0.9","pytorch_lightning.loggers.wandb.WandbLogger","design_dataset","","false","testing","false","airtnn","logs","[""05/19"",""snr_sweep"",""snr_seed""]","models.lit_module.LitModule","models.components.airtnn_backbone.Backbone","128","2048","5","11","0","60","256","11","4","true","torch.optim.Adam","0.001","0","true","true","torch.optim.lr_scheduler.ReduceLROnPlateau","0.1","min","20","11","4","./topological_air_nn/data/","./topological_air_nn/logs/","./topological_air_nn","/home/simone/projects/topological_air_nn","true","train","pytorch_lightning.Trainer","gpu","false","[0]","40","100","10","32","","","","","","","","","","","","","100","0.7344061136245728","0.7084037661552429","4000","0.7085253000259399","abs_lower","0.85","40","0.5","","","","","","","",""
"crimson-sweep-4","0.7475000023841858","0.7355999946594238","0.7631999850273132","0.7527999877929688","2023-05-19T12:39:33.000Z","100","4","331","testing","finished","05/19, snr_seed, snr_sweep","256","pytorch_lightning.callbacks.EarlyStopping","max","val/acc","pytorch_lightning.callbacks.RichModelSummary","-1","pytorch_lightning.callbacks.RichProgressBar","data.cell_datamodule.CellDataModule","256","4","true","data.cell_sbm_dataset.CellDataset","2.5","50","10","70","15000","0.01","0.9","pytorch_lightning.loggers.wandb.WandbLogger","design_dataset","","false","testing","false","airtnn","logs","[""05/19"",""snr_sweep"",""snr_seed""]","models.lit_module.LitModule","models.components.airtnn_backbone.Backbone","128","2048","5","11","0","100","256","11","4","true","torch.optim.Adam","0.001","0","true","true","torch.optim.lr_scheduler.ReduceLROnPlateau","0.1","min","20","11","4","./topological_air_nn/data/","./topological_air_nn/logs/","./topological_air_nn","/home/simone/projects/topological_air_nn","true","train","pytorch_lightning.Trainer","gpu","false","[0]","40","100","10","32","","","","","","","","","","","","","100","0.7370421886444092","0.7095572352409363","4000","0.7118233442306519","abs_lower","0.85","40","0.5","","","","","","","",""
"decent-sweep-21","0.7120000123977661","0.6988000273704529","0.7491999864578247","0.7211999893188477","2023-05-19T11:34:39.000Z","60","0","331","testing","finished","05/19, snr_seed, snr_sweep","256","pytorch_lightning.callbacks.EarlyStopping","max","val/acc","pytorch_lightning.callbacks.RichModelSummary","-1","pytorch_lightning.callbacks.RichProgressBar","data.cell_datamodule.CellDataModule","256","4","true","data.cell_sbm_dataset.CellDataset","2.5","50","10","70","15000","0.01","0.9","pytorch_lightning.loggers.wandb.WandbLogger","design_dataset","","false","testing","false","airtnn","logs","[""05/19"",""snr_sweep"",""snr_seed""]","models.lit_module.LitModule","models.components.airtnn_backbone.Backbone","128","2048","5","11","0","60","256","11","4","true","torch.optim.Adam","0.001","0","true","true","torch.optim.lr_scheduler.ReduceLROnPlateau","0.1","min","20","11","4","./topological_air_nn/data/","./topological_air_nn/logs/","./topological_air_nn","/home/simone/projects/topological_air_nn","true","train","pytorch_lightning.Trainer","gpu","false","[0]","40","100","10","32","","","","","","","","","","","","","100","0.8267210125923157","0.8136855363845825","4000","0.7680493593215942","abs_lower","0.85","40","0.5","","","","","","","",""
"eager-sweep-1","0.7161999940872192","0.7008000016212463","0.7483999729156494","0.7251999974250793","2023-05-19T12:22:54.000Z","100","0","332","testing","finished","05/19, snr_seed, snr_sweep","256","pytorch_lightning.callbacks.EarlyStopping","max","val/acc","pytorch_lightning.callbacks.RichModelSummary","-1","pytorch_lightning.callbacks.RichProgressBar","data.cell_datamodule.CellDataModule","256","4","true","data.cell_sbm_dataset.CellDataset","2.5","50","10","70","15000","0.01","0.9","pytorch_lightning.loggers.wandb.WandbLogger","design_dataset","","false","testing","false","airtnn","logs","[""05/19"",""snr_sweep"",""snr_seed""]","models.lit_module.LitModule","models.components.airtnn_backbone.Backbone","128","2048","5","11","0","100","256","11","4","true","torch.optim.Adam","0.001","0","true","true","torch.optim.lr_scheduler.ReduceLROnPlateau","0.1","min","20","11","4","./topological_air_nn/data/","./topological_air_nn/logs/","./topological_air_nn","/home/simone/projects/topological_air_nn","true","train","pytorch_lightning.Trainer","gpu","false","[0]","40","100","10","32","","","","","","","","","","","","","100","0.8210325241088867","0.8049871325492859","4000","0.7646682858467102","abs_lower","0.85","40","0.5","","","","","","","",""
"hearty-sweep-16","0.7129999995231628","0.7024000287055969","0.7447999715805054","0.7188000082969666","2023-05-19T11:06:37.000Z","40","0","334","testing","finished","05/19, snr_seed, snr_sweep","256","pytorch_lightning.callbacks.EarlyStopping","max","val/acc","pytorch_lightning.callbacks.RichModelSummary","-1","pytorch_lightning.callbacks.RichProgressBar","data.cell_datamodule.CellDataModule","256","4","true","data.cell_sbm_dataset.CellDataset","2.5","50","10","70","15000","0.01","0.9","pytorch_lightning.loggers.wandb.WandbLogger","design_dataset","","false","testing","false","airtnn","logs","[""05/19"",""snr_sweep"",""snr_seed""]","models.lit_module.LitModule","models.components.airtnn_backbone.Backbone","128","2048","5","11","0","40","256","11","4","true","torch.optim.Adam","0.001","0","true","true","torch.optim.lr_scheduler.ReduceLROnPlateau","0.1","min","20","11","4","./topological_air_nn/data/","./topological_air_nn/logs/","./topological_air_nn","/home/simone/projects/topological_air_nn","true","train","pytorch_lightning.Trainer","gpu","false","[0]","40","100","10","32","","","","","","","","","","","","","100","0.8198041915893555","0.8070337176322937","4000","0.7677618265151978","abs_lower","0.85","40","0.5","","","","","","","",""
"amber-sweep-15","0.6651999950408936","0.6331999897956848","0.7279999852180481","0.6492000222206116","2023-05-19T11:00:59.000Z","20","5","334","testing","finished","05/19, snr_seed, snr_sweep","256","pytorch_lightning.callbacks.EarlyStopping","max","val/acc","pytorch_lightning.callbacks.RichModelSummary","-1","pytorch_lightning.callbacks.RichProgressBar","data.cell_datamodule.CellDataModule","256","4","true","data.cell_sbm_dataset.CellDataset","2.5","50","10","70","15000","0.01","0.9","pytorch_lightning.loggers.wandb.WandbLogger","design_dataset","","false","testing","false","airtnn","logs","[""05/19"",""snr_sweep"",""snr_seed""]","models.lit_module.LitModule","models.components.airtnn_backbone.Backbone","128","2048","5","11","0","20","256","11","4","true","torch.optim.Adam","0.001","0","true","true","torch.optim.lr_scheduler.ReduceLROnPlateau","0.1","min","20","11","4","./topological_air_nn/data/","./topological_air_nn/logs/","./topological_air_nn","/home/simone/projects/topological_air_nn","true","train","pytorch_lightning.Trainer","gpu","false","[0]","40","100","10","32","","","","","","","","","","","","","100","1.0065321922302246","0.922958254814148","4000","1.0035046339035034","abs_lower","0.85","40","0.5","","","","","","","",""
"dashing-sweep-12","0.6822999715805054","0.6812000274658203","0.7264000177383423","0.6976000070571899","2023-05-19T10:44:05.000Z","20","1","342","testing","finished","05/19, snr_seed, snr_sweep","256","pytorch_lightning.callbacks.EarlyStopping","max","val/acc","pytorch_lightning.callbacks.RichModelSummary","-1","pytorch_lightning.callbacks.RichProgressBar","data.cell_datamodule.CellDataModule","256","4","true","data.cell_sbm_dataset.CellDataset","2.5","50","10","70","15000","0.01","0.9","pytorch_lightning.loggers.wandb.WandbLogger","design_dataset","","false","testing","false","airtnn","logs","[""05/19"",""snr_sweep"",""snr_seed""]","models.lit_module.LitModule","models.components.airtnn_backbone.Backbone","128","2048","5","11","0","20","256","11","4","true","torch.optim.Adam","0.001","0","true","true","torch.optim.lr_scheduler.ReduceLROnPlateau","0.1","min","20","11","4","./topological_air_nn/data/","./topological_air_nn/logs/","./topological_air_nn","/home/simone/projects/topological_air_nn","true","train","pytorch_lightning.Trainer","gpu","false","[0]","40","100","10","32","","","","","","","","","","","","","100","0.9029794931411744","0.8886003494262695","4000","0.8588054776191711","abs_lower","0.85","40","0.5","","","","","","","",""
"olive-sweep-13","0.6808000206947327","0.6503999829292297","0.7247999906539917","0.7016000151634216","2023-05-19T10:49:50.000Z","20","2","331","testing","finished","05/19, snr_seed, snr_sweep","256","pytorch_lightning.callbacks.EarlyStopping","max","val/acc","pytorch_lightning.callbacks.RichModelSummary","-1","pytorch_lightning.callbacks.RichProgressBar","data.cell_datamodule.CellDataModule","256","4","true","data.cell_sbm_dataset.CellDataset","2.5","50","10","70","15000","0.01","0.9","pytorch_lightning.loggers.wandb.WandbLogger","design_dataset","","false","testing","false","airtnn","logs","[""05/19"",""snr_sweep"",""snr_seed""]","models.lit_module.LitModule","models.components.airtnn_backbone.Backbone","128","2048","5","11","0","20","256","11","4","true","torch.optim.Adam","0.001","0","true","true","torch.optim.lr_scheduler.ReduceLROnPlateau","0.1","min","20","11","4","./topological_air_nn/data/","./topological_air_nn/logs/","./topological_air_nn","/home/simone/projects/topological_air_nn","true","train","pytorch_lightning.Trainer","gpu","false","[0]","40","100","10","32","","","","","","","","","","","","","100","0.965314507484436","0.8873823285102844","4000","0.8543645739555359","abs_lower","0.85","40","0.5","","","","","","","",""
"charmed-sweep-14","0.694599986076355","0.6827999949455261","0.7211999893188477","0.7211999893188477","2023-05-19T10:55:25.000Z","20","4","332","testing","finished","05/19, snr_seed, snr_sweep","256","pytorch_lightning.callbacks.EarlyStopping","max","val/acc","pytorch_lightning.callbacks.RichModelSummary","-1","pytorch_lightning.callbacks.RichProgressBar","data.cell_datamodule.CellDataModule","256","4","true","data.cell_sbm_dataset.CellDataset","2.5","50","10","70","15000","0.01","0.9","pytorch_lightning.loggers.wandb.WandbLogger","design_dataset","","false","testing","false","airtnn","logs","[""05/19"",""snr_sweep"",""snr_seed""]","models.lit_module.LitModule","models.components.airtnn_backbone.Backbone","128","2048","5","11","0","20","256","11","4","true","torch.optim.Adam","0.001","0","true","true","torch.optim.lr_scheduler.ReduceLROnPlateau","0.1","min","20","11","4","./topological_air_nn/data/","./topological_air_nn/logs/","./topological_air_nn","/home/simone/projects/topological_air_nn","true","train","pytorch_lightning.Trainer","gpu","false","[0]","40","100","10","32","","","","","","","","","","","","","100","0.8865033388137817","0.8432099223136902","4000","0.80442875623703","abs_lower","0.85","40","0.5","","","","","","","",""
"tough-sweep-11","0.6829000115394592","0.6567999720573425","0.7128000259399414","0.6783999800682068","2023-05-19T10:38:10.000Z","20","0","347","testing","finished","05/19, snr_seed, snr_sweep","256","pytorch_lightning.callbacks.EarlyStopping","max","val/acc","pytorch_lightning.callbacks.RichModelSummary","-1","pytorch_lightning.callbacks.RichProgressBar","data.cell_datamodule.CellDataModule","256","4","true","data.cell_sbm_dataset.CellDataset","2.5","50","10","70","15000","0.01","0.9","pytorch_lightning.loggers.wandb.WandbLogger","design_dataset","","false","testing","false","airtnn","logs","[""05/19"",""snr_sweep"",""snr_seed""]","models.lit_module.LitModule","models.components.airtnn_backbone.Backbone","128","2048","5","11","0","20","256","11","4","true","torch.optim.Adam","0.001","0","true","true","torch.optim.lr_scheduler.ReduceLROnPlateau","0.1","min","20","11","4","./topological_air_nn/data/","./topological_air_nn/logs/","./topological_air_nn","/home/simone/projects/topological_air_nn","true","train","pytorch_lightning.Trainer","gpu","false","[0]","40","100","10","32","","","","","","","","","","","","","100","0.9362779855728148","0.8883216977119446","4000","0.884050726890564","abs_lower","0.85","40","0.5","","","","","","","",""
"prime-sweep-10","0.5480999946594238","0.5320000052452087","0.6155999898910522","0.5432000160217285","2023-05-19T10:32:14.000Z","10","5","347","testing","finished","05/19, snr_seed, snr_sweep","256","pytorch_lightning.callbacks.EarlyStopping","max","val/acc","pytorch_lightning.callbacks.RichModelSummary","-1","pytorch_lightning.callbacks.RichProgressBar","data.cell_datamodule.CellDataModule","256","4","true","data.cell_sbm_dataset.CellDataset","2.5","50","10","70","15000","0.01","0.9","pytorch_lightning.loggers.wandb.WandbLogger","design_dataset","","false","testing","false","airtnn","logs","[""05/19"",""snr_sweep"",""snr_seed""]","models.lit_module.LitModule","models.components.airtnn_backbone.Backbone","128","2048","5","11","0","10","256","11","4","true","torch.optim.Adam","0.001","0","true","true","torch.optim.lr_scheduler.ReduceLROnPlateau","0.1","min","20","11","4","./topological_air_nn/data/","./topological_air_nn/logs/","./topological_air_nn","/home/simone/projects/topological_air_nn","true","train","pytorch_lightning.Trainer","gpu","false","[0]","40","100","10","32","","","","","","","","","","","","","100","1.2861487865447998","1.2492527961730957","4000","1.2718799114227295","abs_lower","0.85","40","0.5","","","","","","","",""
"atomic-sweep-7","0.5796999931335449","0.5483999848365784","0.603600025177002","0.5935999751091003","2023-05-19T10:14:51.000Z","10","1","345","testing","finished","05/19, snr_seed, snr_sweep","256","pytorch_lightning.callbacks.EarlyStopping","max","val/acc","pytorch_lightning.callbacks.RichModelSummary","-1","pytorch_lightning.callbacks.RichProgressBar","data.cell_datamodule.CellDataModule","256","4","true","data.cell_sbm_dataset.CellDataset","2.5","50","10","70","15000","0.01","0.9","pytorch_lightning.loggers.wandb.WandbLogger","design_dataset","","false","testing","false","airtnn","logs","[""05/19"",""snr_sweep"",""snr_seed""]","models.lit_module.LitModule","models.components.airtnn_backbone.Backbone","128","2048","5","11","0","10","256","11","4","true","torch.optim.Adam","0.001","0","true","true","torch.optim.lr_scheduler.ReduceLROnPlateau","0.1","min","20","11","4","./topological_air_nn/data/","./topological_air_nn/logs/","./topological_air_nn","/home/simone/projects/topological_air_nn","true","train","pytorch_lightning.Trainer","gpu","false","[0]","40","100","10","32","","","","","","","","","","","","","100","1.2548024654388428","1.1679983139038086","4000","1.1487159729003906","abs_lower","0.85","40","0.5","","","","","","","",""
"eager-sweep-6","0.5807999968528748","0.5788000226020813","0.6032000184059143","0.5892000198364258","2023-05-19T10:08:51.000Z","10","0","352","testing","finished","05/19, snr_seed, snr_sweep","256","pytorch_lightning.callbacks.EarlyStopping","max","val/acc","pytorch_lightning.callbacks.RichModelSummary","-1","pytorch_lightning.callbacks.RichProgressBar","data.cell_datamodule.CellDataModule","256","4","true","data.cell_sbm_dataset.CellDataset","2.5","50","10","70","15000","0.01","0.9","pytorch_lightning.loggers.wandb.WandbLogger","design_dataset","","false","testing","false","airtnn","logs","[""05/19"",""snr_sweep"",""snr_seed""]","models.lit_module.LitModule","models.components.airtnn_backbone.Backbone","128","2048","5","11","0","10","256","11","4","true","torch.optim.Adam","0.001","0","true","true","torch.optim.lr_scheduler.ReduceLROnPlateau","0.1","min","20","11","4","./topological_air_nn/data/","./topological_air_nn/logs/","./topological_air_nn","/home/simone/projects/topological_air_nn","true","train","pytorch_lightning.Trainer","gpu","false","[0]","40","100","10","32","","","","","","","","","","","","","100","1.1885591745376587","1.1754868030548096","4000","1.1203690767288208","abs_lower","0.85","40","0.5","","","","","","","",""
"upbeat-sweep-8","0.5501000285148621","0.5131999850273132","0.5983999967575073","0.5795999765396118","2023-05-19T10:20:40.000Z","10","2","337","testing","finished","05/19, snr_seed, snr_sweep","256","pytorch_lightning.callbacks.EarlyStopping","max","val/acc","pytorch_lightning.callbacks.RichModelSummary","-1","pytorch_lightning.callbacks.RichProgressBar","data.cell_datamodule.CellDataModule","256","4","true","data.cell_sbm_dataset.CellDataset","2.5","50","10","70","15000","0.01","0.9","pytorch_lightning.loggers.wandb.WandbLogger","design_dataset","","false","testing","false","airtnn","logs","[""05/19"",""snr_sweep"",""snr_seed""]","models.lit_module.LitModule","models.components.airtnn_backbone.Backbone","128","2048","5","11","0","10","256","11","4","true","torch.optim.Adam","0.001","0","true","true","torch.optim.lr_scheduler.ReduceLROnPlateau","0.1","min","20","11","4","./topological_air_nn/data/","./topological_air_nn/logs/","./topological_air_nn","/home/simone/projects/topological_air_nn","true","train","pytorch_lightning.Trainer","gpu","false","[0]","40","100","10","32","","","","","","","","","","","","","100","1.3044917583465576","1.2548590898513794","4000","1.1432956457138062","abs_lower","0.85","40","0.5","","","","","","","",""
"swift-sweep-9","0.5835000276565552","0.5479999780654907","0.5971999764442444","0.5759999752044678","2023-05-19T10:26:25.000Z","10","4","342","testing","finished","05/19, snr_seed, snr_sweep","256","pytorch_lightning.callbacks.EarlyStopping","max","val/acc","pytorch_lightning.callbacks.RichModelSummary","-1","pytorch_lightning.callbacks.RichProgressBar","data.cell_datamodule.CellDataModule","256","4","true","data.cell_sbm_dataset.CellDataset","2.5","50","10","70","15000","0.01","0.9","pytorch_lightning.loggers.wandb.WandbLogger","design_dataset","","false","testing","false","airtnn","logs","[""05/19"",""snr_sweep"",""snr_seed""]","models.lit_module.LitModule","models.components.airtnn_backbone.Backbone","128","2048","5","11","0","10","256","11","4","true","torch.optim.Adam","0.001","0","true","true","torch.optim.lr_scheduler.ReduceLROnPlateau","0.1","min","20","11","4","./topological_air_nn/data/","./topological_air_nn/logs/","./topological_air_nn","/home/simone/projects/topological_air_nn","true","train","pytorch_lightning.Trainer","gpu","false","[0]","40","100","10","32","","","","","","","","","","","","","100","1.2544715404510498","1.155489444732666","4000","1.2067480087280271","abs_lower","0.85","40","0.5","","","","","","","",""
"zany-sweep-5","0.3009999990463257","0.290800005197525","0.3407999873161316","0.335999995470047","2023-05-19T10:03:05.000Z","0","5","343","testing","finished","05/19, snr_seed, snr_sweep","256","pytorch_lightning.callbacks.EarlyStopping","max","val/acc","pytorch_lightning.callbacks.RichModelSummary","-1","pytorch_lightning.callbacks.RichProgressBar","data.cell_datamodule.CellDataModule","256","4","true","data.cell_sbm_dataset.CellDataset","2.5","50","10","70","15000","0.01","0.9","pytorch_lightning.loggers.wandb.WandbLogger","design_dataset","","false","testing","false","airtnn","logs","[""05/19"",""snr_sweep"",""snr_seed""]","models.lit_module.LitModule","models.components.airtnn_backbone.Backbone","128","2048","5","11","0","0","256","11","4","true","torch.optim.Adam","0.001","0","true","true","torch.optim.lr_scheduler.ReduceLROnPlateau","0.1","min","20","11","4","./topological_air_nn/data/","./topological_air_nn/logs/","./topological_air_nn","/home/simone/projects/topological_air_nn","true","train","pytorch_lightning.Trainer","gpu","false","[0]","40","100","10","32","","","","","","","","","","","","","100","1.9255211353302","1.892904996871948","4000","1.8042869567871096","abs_lower","0.85","40","0.5","","","","","","","",""
"dulcet-sweep-3","0.32109999656677246","0.3296000063419342","0.3352000117301941","0.3352000117301941","2023-05-19T09:51:26.000Z","0","2","344","testing","finished","05/19, snr_seed, snr_sweep","256","pytorch_lightning.callbacks.EarlyStopping","max","val/acc","pytorch_lightning.callbacks.RichModelSummary","-1","pytorch_lightning.callbacks.RichProgressBar","data.cell_datamodule.CellDataModule","256","4","true","data.cell_sbm_dataset.CellDataset","2.5","50","10","70","15000","0.01","0.9","pytorch_lightning.loggers.wandb.WandbLogger","design_dataset","","false","testing","false","airtnn","logs","[""05/19"",""snr_sweep"",""snr_seed""]","models.lit_module.LitModule","models.components.airtnn_backbone.Backbone","128","2048","5","11","0","0","256","11","4","true","torch.optim.Adam","0.001","0","true","true","torch.optim.lr_scheduler.ReduceLROnPlateau","0.1","min","20","11","4","./topological_air_nn/data/","./topological_air_nn/logs/","./topological_air_nn","/home/simone/projects/topological_air_nn","true","train","pytorch_lightning.Trainer","gpu","false","[0]","40","100","10","32","","","","","","","","","","","","","100","1.8646676540374756","1.856236457824707","4000","1.8292449712753296","abs_lower","0.85","40","0.5","","","","","","","",""
"fiery-sweep-2","0.3066999912261963","0.3068000078201294","0.32440000772476196","0.30720001459121704","2023-05-19T09:45:52.000Z","0","1","331","testing","finished","05/19, snr_seed, snr_sweep","256","pytorch_lightning.callbacks.EarlyStopping","max","val/acc","pytorch_lightning.callbacks.RichModelSummary","-1","pytorch_lightning.callbacks.RichProgressBar","data.cell_datamodule.CellDataModule","256","4","true","data.cell_sbm_dataset.CellDataset","2.5","50","10","70","15000","0.01","0.9","pytorch_lightning.loggers.wandb.WandbLogger","design_dataset","","false","testing","false","airtnn","logs","[""05/19"",""snr_sweep"",""snr_seed""]","models.lit_module.LitModule","models.components.airtnn_backbone.Backbone","128","2048","5","11","0","0","256","11","4","true","torch.optim.Adam","0.001","0","true","true","torch.optim.lr_scheduler.ReduceLROnPlateau","0.1","min","20","11","4","./topological_air_nn/data/","./topological_air_nn/logs/","./topological_air_nn","/home/simone/projects/topological_air_nn","true","train","pytorch_lightning.Trainer","gpu","false","[0]","40","100","10","32","","","","","","","","","","","","","100","1.9048547744750977","1.8862059116363523","4000","1.8761812448501587","abs_lower","0.85","40","0.5","","","","","","","",""
"efficient-sweep-1","0.30250000953674316","0.30320000648498535","0.323199987411499","0.2964000105857849","2023-05-19T09:40:16.000Z","0","0","334","testing","finished","05/19, snr_seed, snr_sweep","256","pytorch_lightning.callbacks.EarlyStopping","max","val/acc","pytorch_lightning.callbacks.RichModelSummary","-1","pytorch_lightning.callbacks.RichProgressBar","data.cell_datamodule.CellDataModule","256","4","true","data.cell_sbm_dataset.CellDataset","2.5","50","10","70","15000","0.01","0.9","pytorch_lightning.loggers.wandb.WandbLogger","design_dataset","","false","testing","false","airtnn","logs","[""05/19"",""snr_sweep"",""snr_seed""]","models.lit_module.LitModule","models.components.airtnn_backbone.Backbone","128","2048","5","11","0","0","256","11","4","true","torch.optim.Adam","0.001","0","true","true","torch.optim.lr_scheduler.ReduceLROnPlateau","0.1","min","20","11","4","./topological_air_nn/data/","./topological_air_nn/logs/","./topological_air_nn","/home/simone/projects/topological_air_nn","true","train","pytorch_lightning.Trainer","gpu","false","[0]","40","100","10","32","","","","","","","","","","","","","100","1.906516671180725","1.904974579811096","4000","1.8960583209991455","abs_lower","0.85","40","0.5","","","","","","","",""
"frosty-sweep-4","0.2996000051498413","0.2800000011920929","0.31439998745918274","0.30559998750686646","2023-05-19T09:57:16.000Z","0","4","345","testing","finished","05/19, snr_seed, snr_sweep","256","pytorch_lightning.callbacks.EarlyStopping","max","val/acc","pytorch_lightning.callbacks.RichModelSummary","-1","pytorch_lightning.callbacks.RichProgressBar","data.cell_datamodule.CellDataModule","256","4","true","data.cell_sbm_dataset.CellDataset","2.5","50","10","70","15000","0.01","0.9","pytorch_lightning.loggers.wandb.WandbLogger","design_dataset","","false","testing","false","airtnn","logs","[""05/19"",""snr_sweep"",""snr_seed""]","models.lit_module.LitModule","models.components.airtnn_backbone.Backbone","128","2048","5","11","0","0","256","11","4","true","torch.optim.Adam","0.001","0","true","true","torch.optim.lr_scheduler.ReduceLROnPlateau","0.1","min","20","11","4","./topological_air_nn/data/","./topological_air_nn/logs/","./topological_air_nn","/home/simone/projects/topological_air_nn","true","train","pytorch_lightning.Trainer","gpu","false","[0]","40","100","10","32","","","","","","","","","","","","","100","1.943732500076294","1.9062211513519287","4000","1.8873679637908936","abs_lower","0.85","40","0.5","","","","","","","",""